Training Loss,Training Perplexity,Valid. Loss,Valid. Perplexity,Training Time,Validation Time
3.6207135931650796,9.454554279526847e+26,2.5597360932827,17.827852534586516,0:02:17,0:00:39
2.5256062829494477,15.85954978854146,2.5135615384578704,16.552984187582307,0:02:17,0:00:38
